,Unnamed: 0,제목,링크,본문
0,0,국내여행코스 울릉도 여행 둘째날 버스투어 A코스 관광,https://blog.naver.com/piil/223596761973,"경상도
국내여행코스 울릉도 여행 둘째날 버스투어 A코스 관광
세상구경꾼 필 ・ 2024. 9. 26. 6:38
URL 복사 이웃추가
본문 기타 기능
국내여행코스 울릉도 여행 둘째날
울릉도버스투어 A코스 관광
여행일자 2024.07 / 우주로여행사 제작지원을 받아 직접 체험 후 작성하였습니다
국내여행코스 울릉도 울진 여행 2박 3일
둘째날이 밝았습니다~
이번 2박 3일 울릉도 패키지여행은
울릉도 1박 울진 1박으로 구성된
알찬 일정인데요
첫날 울진 후포항에서 크루즈급 배를타고
울릉도 도착 후 트레킹
둘째날은 오전 울릉도 관광코스로
A코스 버스투어를 진행합니다
울릉도 1박 숙소 대아리조트의
아침이 밝았습니다~
대아리조트는
전 객실 오션뷰를 자랑하는데요
언덕을 따라 가장 위쪽 숙소를 배정받았어요
도동항 출발
삼선암 - 천부해중전망대 - 울릉 코스모스 메가울라 - 예림원 - 나리분지 - 점심식사
삼선암
대아리조트 아침식사 후 집결시간 맞춰
우리 버스 출발합니다~~
울릉도 도동항에서 승객이 합류하고
울릉도 관광 버스투어 A코스
첫 관광지는 삼선암 입니다
울릉도 버스투어는 국내여행코스 울릉도 여행의
기본이자 전통있는 울릉도 여행 방식인데요
기사님의 재미난 해설이 더해진
일종의 버스 가이드투어에요
하늘에서 내려온 세 선녀 이야기 듣고
기념사진 찍고 다음 장소로 출발합니다~
천부해중전망대
울릉도 관광 버스투어 2번째 코스는
울릉도 천부 해중전망대에요
울릉도 앞바다 스쿠버다이빙 하면서
바닷속을 구경해 보고 싶지만
아무 장비 없이 입장료만 내면
편하게 바닷속을 볼 수 있어
남녀노소 누구나 울릉도 바닷속 구경이
가능하답니다~
우주로여행사 패키지상품은
코스 내 관광지 입장요금 포함이라
울릉도 버스투어 하면서 들르는 곳은
모두 자유롭게 입장할 수 있어요
천부해중전망대 앞에는
아이들 물놀이장도 만들어져 있어서
자유여행 왔을 때 이용해 봄직 할 것 같아요
울릉 코스모스 리조트 메가울라 포토존
울릉도 여행코스로 들른
울릉 코스모스 리조트 입니다~
스치듯 지나간 적이 몇 번 있는 곳인데요
이번 울릉도여행 중에는
포토존으로 방문했어요
뾰족한 송곳바위에 연결된 구멍난 암벽지대가
고릴라처럼 보인다고 하는데요
기암괴석과 전설이 많은 울릉도에서
가장 최근에 이름붙은 바위가 아닐까 싶네요~ㅋㅋ
메가울라와 함께 인증샷도 찍고
울릉도 송곳봉과 푸른 바다 구경하면서
천천히 여유로운 시간을 보냈어요
울릉도 버스투어 A코스에 포함되어
버스타고 잠시 들렀는데
카페도 있어서 아침 시간 모닝커피 하기에도
좋을 것 같아요
예림원
울릉도 여행 코스 다음 장소는
예림원입니다~
우주로여행사 울릉도패키지 여행으로
예림원을 방문하게 되었는데요
울릉도에서 정원 관람은 생각을 못했는데
이렇게 멋진 국내여행코스가 있었네요~
예림원은 작은 정원 큰 풍경
그리고 몇개의 전시관으로 구성되어 있는데요
강태공이 낚시하는 연못을 지나
조금 올라가면
푸른 동해바다를 차경으로 활용한
다양한 풍경을 만날 수 있어요
물론 포토존도 곳곳에 있답니다~
울릉도 여행 코스 예림원에 왔으니
전망대까지 올라가요~
울릉도는 쉽지 않은 국내여행코스라
올 때마다 정말 열심히 다니는 편인데요
이렇게 날씨까지 도와주니
전망대 풍경 놓칠 수 없죠~~
울릉도 버스투어는 섬일주 A코스 B코스
두가지가 있는데요
섬일주 코스로 경유 혹은 정차하는
통구미 노인봉 코끼리바위 등등이
예림원에서 한눈에 보이네요
힘들어도 끝까지 올라오길 참 잘했다~~~!!
나리분지
울릉도 관광 코스 나리분지 도착했어요~
울릉도 하면 성인봉 나리분지 외우던 시절부터
늘 궁금하고 또 가고싶은 곳이
나리분지인데요
이유는 몰라요....ㅋㅋㅋㅋ
주입식 교육의 결과가 아닐까.....
국내여행코스로서의 나리분지는
캠핑 트레킹 너와집 삼나물과 조껍데기막걸리가
많이 알려져 있는데요
분화구 나리분지는 농사짓는 농촌이에요~
나리분지에서
막걸리와 삼나물무침으로
투어 중 휴식시간을 가져봅니다
도동항 점심식사 카페 쇼핑
국내여행코스 울릉도 여행 버스투어
A코스 관광을 모두 마치고
점심식사를 위해 도동항으로 이동합니다~
돌아가는 길에 악어바위 통과하며
바위 이야기 울릉도 이야기
쉼 없이 들으면서 드라이브해요
울릉 도동항에서 산채비빔밥 먹고
카페에서 팥빙수 먹으며
휴식을 취해봅니다
사동항에서 출항하는 배를 타고
울진 후포항으로 돌아갈 예정이라
도동해안도로를 걷거나 쇼핑 등으로
시간을 보낼 예정이에요
전 날 트레킹 했다고
도동항에서 농땡이 피우는 필.....ㅋㅋㅋ
도동해안산책로를 걷지 않고
카페에서 빙수먹고
도동항 근처 기념품 샵 쇼핑으로 시간을 보냈습니다
사동항 - 울진 후포항
곱창전골 저녁식사 후 백암온천 숙박
도동항에서 약속시간에 만나 버스타고
사동항에 도착했어요~
이번 울릉도 여행에서는
울릉도 사동항만 이용하게 되었는데요
독도를 빼고 울진 1박이 포함되어서
울릉도 1박이 꽉찼지만 금방 지나가네요
저 멀리 멀어져가는 울릉도가
거의 보이지 않을때까지
크루즈 선박 후미에서 울릉도를 바라봅니다
돌아올 때에도 침대 있는 방으로 예약해
편하게 쉬면서 왔는데요
아쉬운 마음은
울릉도에서 구입한 기념품으로 채워보려 해요
오전부터 울릉도 여행길 시작해
나른한 오후시간에 배타고 한 숨 잤더니
울진 후포항 도착이에요
배에서 내려 바로 버스타고 서울가는 게 아니라
아직 울진 1박 일정이 남은
울릉도 울진 2박 3일 여행코스라
내일의 여행도 기대가 됩니다
울진에서의 저녁식사는
든든한 곱창전골로 먹었어요
울릉도에서 해산물과 산나물 위주로 먹어 그런지
뜨끈한 곱창전골 국물도
맛나게 먹었어요
울진에서 둘째날 저녁식사를 마치고
백암온천 숙소로 체크인합니다~
패키지여행이 그렇죠......
따라다니기만 해도 은근히 피곤했는지
꿀잠자느라 이번에도 온천은 못하고
아침식사 든든하게 먹는 걸 선택했어요
그리고 울진 셋째날 여행코스 출발합니다~
우주로 여행사
www.ilovedokdo.kr
서울수도권/대전충천권/호남권/대구경북-후포항 정기셔틀버스
편하고 안전한 여행의 시작! 우주로여행사 셔틀버스를 이용하세요
www.ferrybus.co.kr
3km
© NAVER Corp.
삼선암
경상북도 울릉군 북면 천부리
천부해중전망대
경상북도 울릉군 북면 울릉순환로 3137
예약
Healing Stay KOSMOS
경상북도 울릉군 북면 추산길 88-13
예림원
경상북도 울릉군 북면 울릉순환로 2746-24 A동
예약
도동항
경상북도 울릉군 울릉읍 도동리"
1,1,국내여행 무주 창고 대형 카페,https://blog.naver.com/dorothy_bet/223591417000,"전라도
국내여행 무주 창고 대형 카페
비현 ・ 2024. 9. 21. 20:50
URL 복사 이웃추가
본문 기타 기능
국내여행 무주 창고 대형 베이커리 카페
우리는 국내여행을 다닐 때 꼭 카페를 가곤 해요.
저 역시 기본 뚜벅이로 다니다 보니
어디에 쉴 곳을 찾으려면 기본으로 찾곤 하죠.
저번에 전북 무주를 갔을 때 갔던
커다란 대형 창고를 다시 개조를 해서
유명해졌다고 하던데 궁금해서
함께 가보기로 했어요.
위치
우리가 내린 곳이 건너편이라 반대편에서
아래 지하 도로해 옆으로 건너갔는데
그 짧은 시간 안에 무주 창고 근처에 있는
마을을 관찰할 수 있어서 좋았어요.
원래 이 자리는 원래 적상면의
이 마을의 곡식을 보관하는
창고였다고 하는데 우체국도 있고
하니 크기가 꽤나 크겠구나
생각을 했는데 정말
대형카페 더라고요.
내부
내부를 들어갔더니
국내여행하는 사람들에게
필요한 널찍한 자리가 있더라고요.
그리고 천장에는 여기가 예전에
곡식 보관소였다는 것을
알려주듯 넓게 올라간 천장,
그리고 조명까지 멋있었어요.
그리고 가운데에서 주문을 하고
올라갈 수 있는 구조였는데
손님의 성향을 잘 맞춰서
고를 수 있도록 해
가족들이 함께 오게 된다면
대형카페에서 쉴 수도 있어서
좋을 거 같아 코스로도 괜찮아요.
그래서 저는 양쪽에 어디 갈까 고민하다
옆으로 올라가려고 했는데
디자인의 하나까지 세심한 게
마음에 들더라고요.
올라가면서 보이는 창문밖에는
국내여행에서 느낄 수 있는
시골 풍경들이 아름답게 보이고 있어
또한 이것도 경치를 보면서 힐링을
할 수 있는 또 하나의 포인트가
되지 않을까 싶어요.
별도 노키즈존 구역
전체 이슈가 되는 청결 관리는 물론
우리는 하나 더 주목해 봐야
하는 것이 있는데요.
무주 창고는 부분적으로
노키즈존을 운영하고 있어요.
그래서 혹시 불편하시면 왼쪽으로
올라와서 머물다 가시면 됩니다.
또 옆에서 본 카페의 모습은 또 달랐어요.
사실 아까 바로 옆에 있었는데도 불구하고
샹들리에가 커다란 게
있었던 것을 알아차리지 못했어요.
그런데 반대쪽에서 앉을 때 보여서
찍어보니 또 여기서 보면 불빛도 예쁘고
인증샷 찍기 좋은 곳 같아 나중에
가족들과 함께 오게 된다면
다양하게 구도를 잡아 남겨보려고요.
베이커리가 굿
우리는 이 전에 밥을 먹고 왔음에도 불구하고
너무 배고팠던 나머지 여기서
저와 같은 분들과 파티를 맺어
빵을 먹기로 했어요.
금액은 관광지 대형카페이기에
어떤진 대충 아시리라 생각이 들어요.
그래도 종류도 다양하고
크기와 맛도 괜찮았습니다.
메뉴표
우리는 또 무주 창고의
메뉴표도 궁금해할지도 몰라요.
대형카페지만 아메리카노는
관광지의 뷰 값 외 포함되어
있는 곳보다는 괜찮다 싶었어요.
또 종류도 다양해서 빵과
뭘 먹어야 할지 고민을 하는 분들도 많았어요.
그래도 저희는 통일을 했기에
고민할게 없었어요.
커피도 참 괜찮았고 나오는데도
그렇게 기다리지 않아서 마음에 들었어요.
그래서 자리를 잡고 앉아
그냥 정신없이 먹었던 거 같아요.
이날 배가 엄청 고팠었나 봐요.
제가 너무 맛있게 먹자 다른 것도
먹어보라고 지인님께서 주셨어요.
포토존
뭐든 안에서도 사진을 찍을게 많았는데
우리는 여기서 예쁘게 한 컷씩 남겼어요.
국내여행에서 꼭 생각해 봐야 할 점은
물론 이건 사람마다 다 기준은
다르지만 제가 생각하기론 전 쉼이 있고
맛이 있고 또 그곳만의 분위기가 있어야
한다고 생각을 하는데 딱 무주 창고가
그것을 하나 가득 담을 수 있는 곳 같았어요.
오늘은 국내여행을 전북으로 다녀왔는데요.
잠시 쉬려고 찾아보다가 무주 창고라는
대형카페를 발견했는데 편하게 있다가
갈 수 있어 좋았습니다.
50m
© NAVER Corp.
무주창고
전북특별자치도 무주군 적상면 마산내동길 16 무주창고
#국내여행카페 #무주대형카페 #무주창고"
2,2,10월 국내여행 가볼만한곳 충남 공주 부여 백제문화제,https://blog.naver.com/sm011sm/223603389561,"충청도
10월 국내여행 가볼만한곳 충남 공주 부여 백제문화제
힌둥이 ・ 2024. 10. 1. 20:05
URL 복사 이웃추가
본문 기타 기능
백제문화제
🗓️ 행사기간
2024년 9월 28일(토)~10월 6일(일) / 9일간
📍장소
부여군 일원 (백제문화단지, 구드래, 정림사지)
✅ 주차장 구비되어있으니 무료 이용가능
✅ 행사기간동안 백제문화단지 등 무료 이용가능
50m
© NAVER Corp.
금강신관공원
충청남도 공주시 금벽로 368
50m
© NAVER Corp.
백제문화단지
충청남도 부여군 규암면 백제문로 455 백제문화단지
예약
부여 백제문화제 다녀왔다
지금 생각해보면 더 일찍출발할걸
볼게 너무 많아서 시간이 짧아서 아쉬웠던 기록
The 70th Baekje Cultural Festival
백제문화제, 부여군백제문화제, 제70회 백제문화제
www.baekjeculturalfestival.kr
충남 부여에서 진행하고 있는 부여군백제문화제
생각보다 규모가 엄청 크고 볼거리도 많아서
아이들 데리고 가족나드리가기에도
커플데이트장소로도 추천하는 곳
행사기간이 10/6까지이니 이번주에 다녀오길 추천
주차장 가는길
백제문화단지랑 금강신관공원이랑 행사장이 여러군데인데
나는 금강신관공원으로 다녀왔다
시간이 된다면 두군데 모두다 보고오길 추천
주차장 도착하니 보이는 배
여기 행사장 맞구나 싶었다
주차장은 넓게 구비되어있고 주차장에서 행사장까지 셔틀버스처럼 미니차량 운행중이니 걱정하지 않아도 될 듯
우리는 걸어서 이동했지만 그렇게 먼 거리는 아니었다
먹거리장터
공주의 고마곰
.
.
.
너무 못생겼다 ㅋㅋㅋ볼때마다 그얘기함
왜 캐릭터를 이렇게 못생기게 만들었냐며 집에올 때 까지 그생각함.. 다른 귀여운 곰모양도 많는데 왜…
ㅋㅋㅋㅋㅋ
너어어어무 못생겼자노
장터라고 해야하나 먹거리장터쪽에서
여러가지 구입가능하다
복숭아막걸리 디비져 너무 웃김 잘지었네
막걸리는 1병 2,000원 3병 5,000원
가성비 너무 좋음
식당가면 요즘 기본 5,000원이니까 요기서 사가서
집에서 먹으면 딱 좋아
건너편에 보이는 행사장은 유료행사장이라서 표를 끊고 이용해야한다
입구와 출구가 다르니 주차장 기준으로 더 먼쪽으로 들어가서 나오게끔 되어있다
공연장에서는 리허설 준비중
매일 공연일정이 다르다
전날 트로트가수 박서진 공연하고 감
요즘 살림남이었나 거기서 나오는거보면서 엄빠가 얘기하길래 알게된 가수
인스타 팔로우하면 선물준다고!
무슨 선물인지 적혀있지 않아서 부스 가서 여쭤보니
책!
.
.
.
아.. 탄식과 함께 ㅋㅋ 부스직원 빵터짐
짐되니까 안할게욤
웅진골맛집
먹거리 엄청 잘 되어있다
이용팁! 여기서 바로 현금주고 사먹지말고
매표소에서 입장권 구매하면 다시 쿠폰으로 돌려주니 그 돈으로 사먹기! 아니면 간식이랑 난 엄청 많이 먹을거야
라고 한다면 그냥 바로 구입해도 무방하다
얼떨결의 씨름경기 구경
박… 기억안나네 박광덕! 전 씨름선수가 해설하는데
식당 운영하셨던거같은데 주말 휴무신가요!ㅋㅋ
매표소
매표소!
입장료는
성인 7,000원
중고생 6,000원
시민 5,000원
쿠폰 4,000원 지급
할인받는법은 우린 몰랐지만 입구에서 어떤 이벤트에 참가하면 입장료할인? 입장료무료? 혜택이있으니 꼭 찾아보기
요렇게 팔찌가 있으면 왔다갔다 이용가능
요건 쿠폰
7,000원 주고 구입하면 4,000원을 돌려준다
언젠가부터 지역행사장 가면 전부 이런식
.
.
.
꼭 현지에서 돈을 쓰고가라는 취지라서 좋은것 같긴한데
순대가 동이나서 떡볶이먹었는데
음
.
.
.
맛은 그냥그렇다 컵떡볶이 느낌
한가지 좋았던 점은 일회용품 미사용!
행사장만 가면 넘쳐나는 일회용품때문에 좀 보기그랬는데
백제문화제는 일회용품 사용하지않고 설거지!
식기세척기? 소독기도 있어서 식기류도 아주 깨끗하고 쾌적해서 좋았다 칭찬해
병뚜껑 이벤트
ㅋㅋㅋㅋㅋㅋㅋ
소주병뚜껑을 가져오면 선물준다해서
소주병뚜껑 발견!
사다리타기로 상품받는건데
꽝 + 그립톡에 탄식했더니
ㅋㅋㅋㅋㅋㅋ
뭐 갖고싶냐하셔서 소주잔이요! 했더니
요렇게 챙겨주심
좋아용! 운전해야하면 절대 음주금지
떡볶이로 배가 안차니 핫도그
와 배불러
ㅋㅋㅋㅋ
반 밖에 못 먹었져요
행사장
아직 해바라기가 있다?
그것도 너무 예쁘게 지금 피어나고 있다?
개천절 정도면 제일 예쁠 것 같다
군데군데 포토존 예쁘게 잘 만들어뒀다
온가족이 와서 사진찍는거 보니 너무 화목하고 좋아보임
나름 힌둥이 작가의 베스트컷?
ㅋㅋㅋㅋ
해바라기밭에 견우와직녀느낌
헿
이것도 금관인데 색감이 제대로 안잡힌다
색이 계속바뀌면서 엄청 예쁜데 안담겨
요 다리가 메인인데 건너가도 볼거리가 너무 많다
꼭 좀 일찍 출발해서 가기요
그리고 요기 불들어오면 너무 예쁘니 해 넘어갈 때까지
즐기다가 오기를 추천
4일 10월 국내여행 가볼만한곳 충남 부여 백제문화제 (1)
재생
21
좋아요
0
00:08

4일 10월 국내여행 가볼만한곳 충남 부여 백제문화제 (1)
백제문화제
갑자기 대나무밭에 익룡같은게 보여서 봤더니
미디어아트 같은 영상 쏘고 있었다
4일 10월 국내여행 가볼만한곳 충남 부여 백제문화제 (2)
재생
78
좋아요
0
00:04

접기/펴기
4일 10월 국내여행 가볼만한곳 충남 부여 백제문화제 (2)
백제문화제
안내도
엄청 넓음 생각보다 넓었다
미리 찾아보고 왔으면 더 알차게 보고왔을텐데 너무 느즈막히 느긋하게 다녀와서 다 둘러보지 못한게 아쉬움
그래서인지 요기 건너편 모텔이 백제문화제 때 성수기라고 함
그럴만도 하다고 느낀이유는 아래에 나옵니다
쨔란!
아까 낮엔 그냥 별볼일없어보였던 배들이
이렇게 보인다
멋드러짐
반대쪽 유등도 별볼일 없던게 어두워지니 예쁘다
사진으로 다 담기지 않는게 너무 아쉽고
예쁨 가득한 백제문화제
멀리서 다시 건너오면 이렇게!
아까 낮에 찍었던 금관이 이렇게 파란불로 들어온상태
늦어지니 본 공연 개막식 시작
사람도 많아졌다
오히려 낮보다 사람이 더 많아진 느낌
날씨가 선선하니 너무 놀기 좋다
아까 봤던 디비져 막걸리도 구입할 겸 왔다가
공주밤도 먹어보고!
후숙이 아직 안된거라 내가 알던 그 공주밤 맛이 아니긴했다
택배주문도 가능
이렇게 산성?에 불들어오면 진짜 최고
연인이랑 가족이랑 가서 꼭 보고오세요
티켓 내돈내산으로 다녀왔던 백제문화제
10월여행지 추천
#백제문화제 #2024부여백제문화제 #10월가볼만한곳 #충남여행 #공주부여축제 #공주가볼만한곳 #국내여행추천 #국내여행"
3,3,[국내여행] 나홀로 목포_해상케이블카 시간 팁!,https://blog.naver.com/sssel_123/223609239066,"여행 기록
[국내여행] 나홀로 목포_해상케이블카 시간 팁!
Little Forest ・ 2024. 10. 6. 21:54
URL 복사 이웃추가
본문 기타 기능
위치목포역 (고속철도)
10월 첫 주에 퐁당퐁당 연휴가 생기면서 국내 여행을 가야겠다고 결심했다. 그냥 서울에서 먼 전라남도로 가야겠다고 생각하다가 선택한 곳은 목포!
막연히 엄청 멀거라고 생각했는데 KTX를 타니 서울역에서 목포까지 두시간 반 밖에 안걸리네요..?
뭐여 당일치기도 가능한거 아닌가 (응 아니야)
첫날 저녁, 평화공원 쪽을 걷다가 우연히 분수쇼를 보게 되었다. BGM 이 약간 올드하다고 생각했는데 주로 보시는 분들의 연령대를 보니 적당한거구나 라고 바로 납득^_^
내가 너무 화려한 걸 많이 보고 다녀서 퀄리티가 좋다라는 생각은 못받았는데 이걸 보면서 즐거워하는 사람들을 보니 괜히 내가 평화로워졌다.
목포해상케이블카
시간 : 일-목 09시~19시 / 금-토 09시~20시
가격
ㄴ 대인 일반 왕복 24,000원
ㄴ 대인 일반 편도 19,000원
ㄴ 대인 크리스탈 왕복 29,000원 (투명 바닥)
ㄴ 대인 크리스탈 편도 22,000원 (투명 바닥)
50m
© NAVER Corp.
목포해상케이블카 북항승강장
전라남도 목포시 해양대학로 240
예약
중간 건너뛰고 해상케이블카 이야기!
케이블카 바닥이 일반/크리스탈 로 나뉘는데
나는 야경을 포함해서 볼거라 어차피 절반은 검은색일거잖아요..? 일반바닥으로 선택!
평일에 가서 대기줄도 없고 케이블카도 혼자 탔는데, 주말에 가면 대기줄도 길고 여러명이 탄다고 한다.
남들 일할 때 노는 게 짱이다 역시^_^
케이블카 시간 팁! (10월 초 기준!)
- 16:30 분쯤 북항에서 탑승하고
- 17:40 까지 고하도 해상데크 산책을 하다가
- 18:00 즈음 고하도 전망대에서 일몰을 보고
- 19:00 즈음 유달산 전망대에서 야경 보기 추천!
북항 > 고하도 가는 중
케이블카에 에어컨 없어서 여름엔 화날 수 있음^_^
고하도에서 내린 후 해상데크 가는 길인데...
바다로 가려면 내려가야 하는 거 아니에요..? 나 왜 등산해야 하는 건데요? 다들 운동화 신고 가세요^_^
여기에 교통약자를 위한 엘베가 있는데 나 탈생각 1도 없었는데 안내하시는 분이 이건 교통약자를 위한거라고 하셔서 아.. 친절한 안내다... 라고 생각했다^_^ 네 저는 안되는 거겠죠.. 제 다리는 강하니까요..
해상데크는 폭은 좁지만 길고 좋았다.
물이 엄청 맑고 깨끗하지는 않지만 그래도 바다잖아요?
고하도 전망대!
5층에 루프탑 전망대가 있는데 여행지만 오면 일몰을 봐야하는 병에 걸린 나는 1층-4층은 스킵하고 5층으로 돌진했다.
그리고 일몰을 봄!
해 진초ㅑ 동그랬고요... 해지고 나서 석양도 너무 예뻤다. 해 들어갔다고 바로 내려오지말고 10분 정도 여운을 느껴보시라고요?
고하도 전망대에서 바로 북항으로 오려고 했는데 유달산도 한번은 밟아보고 싶어서 유달산에서 내렸다.
그리고 안내렸으면 후회할뻔 했다고요ㅠㅠ
모두들 다 들러서 다 보고 오세요!
목포 스카이워크
밥먹으러 가다가 궁금해서 들러본 스카이워크.
결론은 일부러 찾아가진 않아도 될 것 같은데 가는 길이라면 잠깐은 들러보는 정도!
50m
© NAVER Corp.
목포스카이워크
전라남도 목포시 해양대학로 59 목포스카이워크
목포는 해수욕장, 모래사장이 없는데 인공적으로 작게 모래사장처럼 만들어놓은 곳이 있었다.
날이 맑을 때 여기에서 잠깐 시간을 보내도 좋을 것 같다는 생각? (다만 입수 금지 구역이라고 합니다.)
목포 스카이워크는 절반은 철망으로 뚫려있고 절반은 막혀있어서 고소공포증이 있는 사람도 덜 힘들 것 같았다. 다만 덜 힘들다는 거지 안 힘들다는 것은 아님^_^..."
4,4,영주 반띵관광택시 로이쿠 지원할인 받아 국내여행 가볼만한곳,https://blog.naver.com/lemon8363/223582041842,"여행가요♩
영주 반띵관광택시 로이쿠 지원할인 받아 국내여행 가볼만한곳
봉봉츄 ・ 2024. 9. 13. 11:00
URL 복사 이웃추가
본문 기타 기능
국내여행 어디로 갈지 고민하고 계세요?
운전 부담 없이 국내여행 코스 추천해 드리고 싶은
경북 영주 어떠신가요?
이번에 영주 반띵관광택시
지원할인 받아서 영주 가볼만한곳
여러 곳 둘러보며
기억 남을 관광지와 또 생각나는 맛집들이 많아
여행하기 참 좋은 곳 이였는데요.
현재 영주시에서는 할인 프로모션 진행 중이라
영주 반띵관광택시 지원할인 받으시는 방법과 함께
로이쿠 앱을 통한 예약 방법,
그리고 영주 가볼만한곳 소개해 드려요.
삼판서고택
경상북도 영주시 선비로181번길 56-1
중앙분식
경상북도 영주시 중앙로 123-1 중앙분식
영주365시장
경상북도 영주시 구성로360번길 2-1
영주인삼박물관
경상북도 영주시 풍기읍 죽령로 1378
소백산풍기온천리조트
경상북도 영주시 풍기읍 죽령로 1400
예약
국내여행 계획하실 때
이동 수단에 대해 젤 먼저 고민하실 텐데요.
저희는 항상 자가로 이용하다가
영주 사는 지인이
요즘 영주 반띵관광택시 지원할인 받아
편하게 영주 가볼만한곳 둘러볼 수 있다고 하길래
솔깃 한 마음으로 알아보았어요.
영주 반띵관광택시 이용하는 방법은
로이쿠앱, 코레일톡,
영주시청 홈페이지에서 가능해요.
저는 로이쿠앱 어플로 이용해서
반띵관광택시 예약하고 이용해보기로 했어요.
차량 예약은
자유일정으로 내 마음대로 이용해도 되고
인기 코스, 기사님 추천코스
원하는 대로 가능하답니다.
로이쿠 앱 자유일정으로
영주 가볼만한곳
관광지부터 맛집까지 한눈에 보기 좋았는데요.
영주는 종종 왔던 국내여행 지역인데
제가 모르는 곳도 많더라고요.
관광지에 대해 간략한 설명도 되어 있고
시간부터 요금, 위치까지
한눈에 보기 쉬어서 가볼만한곳 코스 정할 때
아주 좋았어요.
영주 반띵관광택시
자유일정으로 내가 원하는 대로
가볼만한곳 코스로 잡고
택시 기사 아저씨도 직접 컨텍 할 수 있었어요.
기사님들 후기도 볼 수 있어서
컨텍할때 도움이 되었답니다.
로이쿠 앱 통해서 예약할 때에는
국내여행 3일 전까지는 예약이 완료되어야 되고요.
관외 주민등록된 관광객이
대상이랍니다.
영주시에서 지원할인 받아
50% 할인 프로모션 하고 있기 때문에
경북 영주 가볼만한곳
반띵관광택시로 편하게 다닐 수 있어요.
시외버스터미널
저희의 국내여행 시작이었어요.
기사님이 예약시간 전에 미리 연락 오셔서
바로 만나 뵐 수 있도록 배려해 주셨어요.
다른 지역 운전은 아무래도 익숙한 곳이 아니기에
어렵고 힘들 수 있는데
영주 반띵관광택시 통해서
저희가 생각했던 것보다 훨씬 더 알차고
즐겁게 여행할 수 있어 더없이 마음에 들었어요.
영주 가볼만한곳 첫 번째 코스는
삼판서고택 이에요.
고려 말부터 조선 초까지 세분의 판서가
연이어 살던 곳인데
정도전 생가 라고 알고 왔어요.
반띵관광택시 기사님이 이동하면서 간략하게
설명도 해주셔서 더 뜻깊게 다녀온 곳 이랍니다.
정도전이 어릴 때 살았고
유배 와서 또 살았던 곳이라고 하는데
1961년 대홍수로 기울어지고
2008년 10월에
다시 복원되었다고 해요.
영주 가볼만한곳 삼판서고택
출입구가 헷갈려서 자칫 한바퀴 빙 돌며
많이 걸어서 올뻔했던데,
영주 반띵관광택시 기사님 덕분에
편하게 움직일 수 있었어요.
영주 가볼만한곳
중앙분식은 빠지면 안 되죠.
영주 반띵관광택시 기사님이
많은 분들이 찾는 맛집 중 하나라며
나중에 한번 오셨을 때에는
묵사발 괜찮다고 추천도 해주셨는데요.
토박이분의 내공 있는 맛집들을
하나씩 설명도 해주셔서
덕분에 더 알찬 여행이 되어주었어요.
맛있는 쫄면 한 그릇 뚝딱하고 나오니!
기사님 센스 있게 바로 옆에 대기해 주셔서
편하게 이동할 수 있었답니다.
사실, 타 지역 여행 다닐 때 주차 걱정도
참 많이 하게 되는데
영주 반띵관광택시 이용하다 보니
주차 걱정 필요 없고
어디든 다 데려다주시고
유명한 관광지는 물론 맛집, 핫플 등
다 알려주시니 세상 편했어요.
국내여행 계획하면
저희는 그 지역 시장도 꼭 방문하려고 하는데요.
영주 365시장은 먹거리 천국이랍니다.
기사님이 센스 있게
랜떡 앞에서 내려주시면서
앞쪽으로 쭈욱 구경하며 내려오시면
밑에서 기다리고 있겠다며
오는길 설명도 참 잘해주셨는데요.
365시장에서
그 유명한 랜떡 떡볶이 맛도 보고요.
365시장 먹거리 맛있는 냄새에 이끌려
시간 가는 줄 모르고 구경하는 재미에 쏙 빠졌죠.
기사님 말씀하신 대로
길 따라 내려오니 딱! 기다리고 계셔서
영주 반띵관광택시
진심 편하구나 싶었어요.
요긴 저희 일정에 없었는데
영주 반띵관광택시 기사님이
추천해 주신 곳이에요.
젊은 사람들이 오면
여길 꼭 방문한다고 하시면서
주택을 개조한 카페인데
분위기도 좋고 어여쁘다고 말씀해 주시더라고요.
안에 공간도 어여쁘고
분위기 또한 좋아서 여유롭게
커피 한잔 마시며
여행의 즐거움을 더했어요.
로이쿠 앱을 통해 여러 관광지도 보았는데
그중에서 궁금했던 인삼박물관!
아이와 함께 하면
훨씬 더 알차고 좋을 곳 이에요.
국내여행 영주 가볼만한곳으로
꼭 가보시면 좋으실 거예요.
프로그램도 다양하고 여러 가지 해 볼거리도 많아
알차게 시간 보내실 수 있어요.
국내여행 다녀오시면
그 지역 내 기념품 꼭 챙기시잖아요.
그때 정도너츠 함께 해보세요.
이번에 인삼 박물관 가면서 알게 된 곳인데
인삼을 활용하여 만든 도넛인데
부모님께 선물로 드렸더니
맛있고 좋다면서 아주 기뻐하셨답니다.
영주 반띵관광택시 마지막은
소백산 풍기온천리조트에서 끝냈어요.
숙박 장소 고민하다가
저희는 풍기온천리조트에서 하룻밤 하고
사우나도 하면서 피로 풀며
시간 보내고 왔는데요.
국내여행 가볼만한곳 참 다양하게 많지만
영주시 지원할인 받아서 가볼만한곳 편하게 다닐 수 있어
굉장히 편했던
영주 반띵관광택시 였어요.
올해 말까지 영주시 지원할인 받아
더욱 편하게 국내여행 하실 수 있으니
이 기회 놓치지 마시고
영주 반띵관광택시로
더욱 편하게 여행 하셨으면 좋겠어요.
#영주관광택시 #택시가이드 #영주당일여행 #영주가볼만한곳 #자유여행
#영주자유여행 #영주투어 #택시투어 #로이쿠 #여행어플"
5,5,롤리키드 캐리어 가격 착한 국내 여행가방,https://blog.naver.com/lim265/223570345206,"전라도
롤리키드 캐리어 가격 착한 국내 여행가방
임정은 ・ 2024. 9. 3. 9:27
URL 복사 이웃추가
본문 기타 기능
올 여름 1박2일 또는 2박3일 국내 여행을 하면서 정말 요긴하게 썼던 롤리키드 캐리어 20인치 pc소재인데도 가격이 착해서 너무나 가성비 좋았던 국내 여행가방 소개한다.
아래는 거제도 여행갈 때 요긴하게 끌고갔던 롤리키드 캐리어다.
롤리키드 캐리어 20인치 내부
예전에 고가의 국내 여행가방을 선택한 적이 있었다. 생각보다 휠이나 파손에 좀 약한 편이였다 하지만, 롤리키드 캐리어는 가격도 착한데 소재가 굉장히 좋았다. 그리고 디자인도 훌륭했다.
먼저 내부를 살펴보면 왼쪽엔 지퍼락파우치가 내장되어있었고, 핸드폰 충전기나 화장품 같이 보관이 힘든것들을 보관하기 좋았다.
반대쪽은 옷을 수납하고 클립으로 고정한다.
안쪽은 그레이색상으로 때타지않는 소재였다.
실제 아래사진은 여행직전 짐을 챙기면서 찍어 본 사진이다. 캐리어 포켓은 충전기며 영양제, 머리끈등을 수납 하기 편했다.
2박3일간 여름 국내 여행가방으로 딱이였던 롤리키드 캐리어 20인치 가격 착한 국내 여행가방♡ 실용성이 최고다. 차곡차곡 신발과 옷을 수납하는데도 넉넉하다.
내가 짐을 싸연서 반한 롤리키드 캐리어 한켠은 바지3벌 티3벌 들어갔다.
TSA자물쇠
미국 연방 항공 보안국(TSA) 인증 락으로써, 보안 검열시 의심스러운 가방이 발견되면 가방 또는 자물쇠의 훼손없이 마스터키를 이용하여 가방물 열어 검색이 가능 합니다.
롤리키드 캐리어는 국내여행가방으로 좋지만 해외여행시에 특히 미국 여행시에는 다이아몬드 표식 있는 TSA 인증을 받은 자물쇠를 이용하시는것이 좋다.
보안검열시 훼손하지않고 마스터키로 가방을 열어 검색할 수 있기 때문이다.
아래사진처럼 숙소에 짐을 맡길 때 안전하게 비번 설정 후 이용이 가능했다.
자체 디자인한 바디 디자인
깔끔하면서 다양한 색상의 롤리키드 캐리어는
은은한 펄감도 있어서 고급스러운 느낌이다.
디자인도 예쁘고 튼튼하기까지한데 롤리키드 캐리어 가격은 정말 가성비가 좋았다. 20인치 7만원대까지 현재 할인가로 만나볼 수 있다.
아래는 구입처
롤리키드 : 네이버쇼핑 스마트스토어
여행의 기준, 여행을 담다 롤리키드
smartstore.naver.com
그레이와 톤다운된 주황색의 색감이 매우 무난하면서도 은근히 튀는색이다.
멀리서도 잘보이니 수화물 찾을 때도 쉽게 찾을 수 있겠다.
이번 목포여행할 때 숙소에 적힌 문구가 참 마음에 들었다.
""어자피 나갈 돈이라면 나한테쓰자♣️""
가성비 넘치는 롤리키드 캐리어는 딱 내스타일이였다.
20인치 확장형지퍼
20인치 캐리어 확장형으로 딱 쓰기 좋았던 이유!!
튼튼한 확장형지퍼 고리가 있어서다.
짐이 많아지면 지퍼를 열어 약 5센치정도 넓이가 넓어진다.
지퍼를 다 열었을때 모습이다. 한층 넉넉해진 느낌이 바로 느껴진다. 여행가서 기념품사고 이거저거 더 넣어오기 좋겠다.
손잡이
슬라이딩이 굉장히 부드러웠던 손잡이다.
1단계 2단계로 높이가 높아지는데 생각보다 높이 올라오고 손잡이 소재도 튼튼했다.
손잡이부드러운 롤리키드캐리어
재생
8
좋아요
0
00:09

손잡이부드러운 롤리키드캐리어
높이도 적당히 높아서 레디백 하나 걸었을 때 딱 좋은 높이며, 성인 여성이 캐리어를 이동할때 도 높이가 좋았다.
제주도 가는길에도 손잡이가 적당히 높아서 이동하기가 굉장히 편했다.
캐리어의 손잡이가 3단으로 사용이 가능했고, 1단계 2단계로 높이 조절이 가능하다.
저소음 우레탄 휠 바퀴
360도 회전
롤리키드 캐리어 배송받자마자 찍어본 바퀴사진이다. 꼼꼼하게 포장이 되어있었다.
360도회전이 되는 우레탄 휠 바퀴다!
정말 이동이 편했다. 부드러운 무빙 최고였다.
바퀴가 정말 마음에 들었다.
롤리키드 캐리어 저소음 우레탄 휠 바퀴360도회전
재생
5
좋아요
0
00:07

접기/펴기
롤리키드 캐리어 저소음 우레탄 휠 바퀴360도회전
바퀴가 4개라서 편하게 끌고다니기 좋았고, 저소음이라서 시끄럽지않았다. 회전률도 대박~
롤리키드 캐리어 저소음 우레탄 휠 바퀴360도회전
재생
5
좋아요
0
00:11

접기/펴기
롤리키드 캐리어 저소음 우레탄 휠 바퀴360도회전
바퀴의 비닐 제거후 살펴본 바퀴는 회전도 잘되고, 우레탄 바퀴라서 그런지 굉장히 부드럽게 바퀴가 움직였다.
바퀴의 색상은 검정색이고 바퀴가운데는 은색으로 마무리되어있어 깔끔함이 돋보였다.
롤리키드 캐리어 20인치 가격 착한 국내 여행가방
재생
4
좋아요
0
00:27

접기/펴기
롤리키드 캐리어 20인치 가격 착한 국내 여행가방
캐리어보관커버
제품 구입시 주는 커버는 보라색으로 된 부직포커버이며 아래부분은 찍찍이 타입이다.
국내 여행가방으로 제격이였던 롤리키드 캐리어 20인치 너무나 실용적이여서 가성비가 대박이였다.
디자인도 마음에 쏙들고 가성비 넘치는 브랜드 롤리키드 캐리어 홈페이지 👇
여행을 가방에 담다! 롤리키드
JUST 1 DAY SALE 184 ★JUST 1 DAY★롤리키드 리비 24형 28형 캐리어 세트 4종 R82H4D8 161,100원 212 ★JUST 1 DAY★롤리키드 프로 백팩 RL0T 19,800원 99 롤리키드 기내용 20인치 여행용파우치 기내반입 24 28인치 수화물 캐리어 공간정리 여행용 트래블 5종 30,900원 160 ★JUST 1 DAY★롤리키드 누누 20 24 캐리어 세트 4종 RTPCASGS4 125,100원
www.rollykits.com"
6,6,자산가를 위한 첫 걸음 - 경매 국내여행 시작,https://blog.naver.com/realaroa/223558388651,"마인드셋
자산가를 위한 첫 걸음 - 경매 국내여행 시작
지여행 ・ 2024. 8. 23. 18:24
URL 복사 이웃추가
본문 기타 기능
자산가를 위한 첫 걸음 - 경매 국내여행 시작
하루 빨리 퇴사는 하고 싶은데 소득이 끊기는 불안감에 실행은 하지 못한 채 어정쩡한 불만감을 가진채로 회사생활과 퇴사 후 본격적으로 해보고 싶은 일을 병행한지가 몇 년째.
같은 시기 시작한 분들 중 실행력있고, 추진력있는 분들은 벌써 진도를 나가고 있는데, 나는 시도하는 시늉만 내다가 결국 바쁜 회사일에 주저앉아 버리고 늘 제자리에 있었던지가 몇 년째다. 그런 답답함이 있던 와중에 올해 초 정말 안되겠다, 회사를 나가고 싶은 간절한 마음에 다시 시작한 것이 당자쌤의 경매 중급반이었다.
경매 초급반을 수료하고, 바쁜 회사일을 핑계로 일년 넘게 경매수업을 듣지 못하다가 시작한 것이다. 그러고 나서도 중급반은 제대로 듣지도 못하고, 과제 제출도 못했는데 중급반 마지막 수업인 법원 경매 견학은 꼭 가야겠다 싶어서 갔었는데, 그 때 ""아! 이게 나랑 너무 잘 맞겠다""는 생각, 하면서 너무 재미있을 것 같다는 생각을 하게 되어 다소 부담되었던 경매 고급반 수강료에도 바로 이어서 끊었다.
첫 경매법정 견학 - 기일입찰표 작성과 경매 입찰법정 분위기
부동산 경매 첫걸음 경매법정 견학기 기일입찰표 작성하기 경매 입찰법정 분위기 이렇게 좋은 날, 평생을 ...
blog.naver.com
고급반 수업도 과제 제출을 못한적이 몇 주 있었지만 수강생들 중에서 실제 낙찰을 받은 분도 나오고, 명도협의에 매도까지 하는 걸 실제 목격하면서 계속 자극을 받고 나도 해야겠다고 마음 먹었던 것을 드디어 실행으로 옮기게 되었다.
지방까지 꼭 직접 입찰을 가지 않아도 되지만 첫 입찰만큼은 꼭 현장에서 감을 느끼고 싶어서 그렇게 나의 1박 2일 경매 국내 여행이 시작되었다.
입찰 후에 그 지역에 유명한 맛집도 다니고 하면서 경매를 여행한다 생각하고 다니세요.
당자쌤이 수업에서 종종 했던 얘기다. 예전에는 해외여행을 좋아라 하는 소비형 인간이었는데, 이제는 자산가에 한발자국 다가가기 위한 경매 여행을 시작한 것이다.
누군가는 뚜벅이로 이렇게 오가는 과정이 지치고, 피곤하다고 생각할지도 모르지만 낯선 곳을 찾아가는 데 즐거움을 느끼는 성격이라 그런지 이렇게 기차타고 버스노선을 검색해서 가는 과정이 너무 즐거웠다. 왠지 여행 온 것같은 묘한 기분을 느끼면서 경매가 퇴사 후 내게 잘 맞을 것 같다는 기분 좋은 설레임을 마음껏 즐겼다.
자산가를 위한 첫 걸음 - 경매 국내여행 시작
나의 실제 첫 경매 입찰의 장소가 되었던 울산 지방법원.
그래도 지난 중급반에서 한번 인천지법 견학을 해봤어서 그런지 법원 온 것 자체에 대한 낯섬은 덜했는데, 막상 입찰표 작성하고 하려다보니 수업 때 들었던 게 긴가민가 헷깔려서 제대로 입찰가를 썼는지 불안불안했더라는. ㅎㅎ
자산가를 위한 첫 걸음 - 경매 국내여행 시작
너무 감사하게도 함께 고급반 수업을 듣는 수강생분 중에 울산에 거주하고 계셔서 나의 첫 입찰을 응원하러 법원까지 나와주셨다. 너무 감사한 일.
좋은 기운을 받아서 그런지 내가 첫 입찰했던 물건은 2등을 했다. 첫 입찰만에 낙찰을 기대한 것이 아니었기 때문에 이렇게 2등으로 첫 테이프를 끊은 것만으로도 얼마나 기쁘던지!!
함께 점심을 먹고 분위기 좋은 카페에서 커피 한잔을 하다가 느낀건데 세상에 서로 쓰고 있는 체크카드가 똑같은거다. 역시 관심사가 재테크로 비슷한 사람들끼리는 이렇게 혜택 좋은 카드로 수렴되는구나 느끼는 시간이었다. 왜 관심사가 같은 사람으로 내 주변의 환경을 세팅하는게 중요한지 새삼 느꼈다.
케이패스 교통카드 - 체크카드 환급 혜택 좋은 케이뱅크 추천
케이패스 교통카드 케이패스 체크카드 케이뱅크 추천 뚜벅이 직장인이라면 무조건 소지해야 할 K패스! (구...
blog.naver.com
한참 주변에서 이거 쓰는 사람 처음 봤다면서 깔깔깔깔 웃고, 언제쯤 우리는 낙찰 받아서 메달을 달 수 있을까 이런저런 얘기를 하면서 시간을 보냈다. 온라인에서만 만나고 실제 얼굴보는 것은 처음인데도 관심사가 같아서였을까? 시간 가는줄 모르고 수다 삼매경을 보냈다는.
자산가를 위한 첫 걸음 - 경매 국내여행 시작
울산에서의 첫 입찰 여행을 마치고 창원 마산으로 이동했다. 버스를 내리자마자 길건너에 있는 로또 1등 5번이나 당첨했다는 복권집이 있길래 마산같은 작은 도시에서 5번이나 1등을 했다니 안 살 수가 없는 거다.
신이나서 바로 달려가서 로또를 한번 구매해봤다. 혹시 모르지, 경매가 아니라 로또 1등으로 자신있게 퇴사하고 퇴사 이후의 삶을 시작할 수 있는 토대가 되어 줄지도... ㅎㅎㅎ(이 포스팅은 제발 성지글이 되어라!!)
자산가를 위한 첫 걸음 - 경매 국내여행 시작
경매 한다고 매번 물건지를 찾아가는 것은 아니지만 이번에는 이동하고 시간이 좀 남아서 현지 물건지도 가보고 인근 부동산 탐문도 할 수 있었다.
자산가를 위한 첫 걸음 - 경매 국내여행 시작
보고서를 준비할 때 보다는 영 외관으로 보이는 매물 상태나 부동산 분위기도 좋지 않아서 입찰을 해야 하나 고민은 있었지만 그래도 온 김에 경험삼아 입찰은 하되, 낙찰되더라도 후회없을 정도의 만만한 가격으로 입찰해야 겠다고 생각했다.
경매여행 둘째 날 찾은 법원은 창원지법의 분소 같은 지원이라서 그런지 규모도 작고 법정도 작았다. 너무 아쉽게도 내 예측과는 다르게 매물에 입찰자도 그날 있던 경매 중에서 가장 많았고, 금액도 내 상상 이상으로 너무 높은 금액으로 낙찰을 받아 갔지만... 이런 것도 경험이다 생각하기로 했다.
자산가를 위한 첫 걸음 - 경매 국내여행 시작
결국 다시 서울로 돌아오는 길.
1박 2일의 경매여행 이틀간 2곳의 법원을 경험하고 2건의 입찰을 경험하면서 그만큼의 경험치를 쌓아간다. 실제 해보니, 이렇게 국내 여러곳을 돌아다니면서 여행다니듯이 경매를 업삼아서 해봐도 재미있겠다는 생각을 했다.
자산가를 위한 첫 걸음 - 경매 국내여행 시작
지금은 작은 시드로 아파트 단타만 노리지만 나중에는 다가구 건물을 낙찰받아 임대쪽으로도 가볼 수 있을 것이고. 또 그러다가 나중에는 단독주택을 낙찰받아 에어비앤비로 여행자를 맞이하는 호스트의 삶을 기대해볼 수도 있을 것 같다.
경매로의 자산가로의 첫 걸음을 내밀었던 1박 2일간의 국내여행! 낙찰과 명도, 매도의 과정들도 차곡차곡 담겨갈 수 있도록 더 부지런히 움직여봐야겠다."
